,School/Club Team
UCLA (Sr.),47
North Carolina (Sr.),44
Kansas (Sr.),41
Duke (Sr.),39
Kentucky (Sr.),36
Arizona (Sr.),36
Kentucky (Fr.),35
Marquette (Sr.),32
UNLV (Sr.),31
Maryland (Sr.),30
Michigan State (Sr.),30
Syracuse (Sr.),30
Indiana (Sr.),29
Michigan (Sr.),29
Louisville (Sr.),29
Missouri (Sr.),29
Iowa (Sr.),28
Georgetown (Sr.),28
Notre Dame (Sr.),28
St. John's (Sr.),27
NC State (Sr.),27
Duke (Fr.),27
Illinois (Sr.),26
Villanova (Sr.),25
Purdue (Sr.),24
Florida State (Sr.),23
Alabama (Sr.),22
Texas (Sr.),22
Oregon (Sr.),22
Oklahoma (Sr.),22
Washington (Sr.),22
Virginia (Sr.),21
Providence (Sr.),21
Georgia Tech (Sr.),19
Utah (Sr.),19
Tennessee (Sr.),19
DePaul (Sr.),19
Minnesota (Sr.),19
Arkansas (Sr.),19
Virginia Tech (Sr.),18
LSU (Sr.),18
Clemson (Sr.),18
Stanford (Sr.),18
Arizona State (Sr.),18
Houston (Sr.),18
Iowa State (Sr.),17
Pepperdine (Sr.),17
South Carolina (Sr.),17
New Mexico (Sr.),17
Auburn (Sr.),16
North Carolina (Jr.),16
Cincinnati (Sr.),16
Colorado (Sr.),16
VCU (Sr.),16
Wake Forest (Sr.),16
Boston College (Sr.),16
Connecticut (Sr.),15
Oregon State (Sr.),15
Vanderbilt (Sr.),15
California (Sr.),15
Georgia (Sr.),15
UAB (Sr.),15
Florida (Sr.),15
Washington State (Sr.),15
Long Beach State (Sr.),15
Temple (Sr.),15
La Salle (Sr.),14
Rutgers (Sr.),14
Cal State Fullerton (Sr.),14
Pittsburgh (Sr.),14
Oklahoma State (Sr.),14
West Virginia (Sr.),13
Oral Roberts (Sr.),13
Texas Tech (Sr.),13
Seton Hall (Sr.),13
UTEP (Sr.),13
G League Ignite (NBA G League),13
San Diego State (Sr.),13
South Alabama (Sr.),13
USC (Sr.),13
Bradley (Sr.),13
Ohio State (Sr.),12
Kansas State (Sr.),12
Memphis (Sr.),12
Xavier (Sr.),12
Kansas (Jr.),12
Wisconsin (Sr.),12
Fresno State (Sr.),12
BYU (Sr.),12
FC Barcelona (Spain),12
Gonzaga (Sr.),12
Connecticut (Jr.),12
Creighton (Sr.),11
Saint Joseph's (Sr.),11
Wyoming (Sr.),11
Illinois State (Sr.),11
Mississippi State (Sr.),11
Baylor (Sr.),11
Kentucky (So.),11
UCLA (Fr.),11
Texas A&M (Sr.),10
Tulsa (Sr.),10
Southern (Sr.),10
Kansas (Fr.),10
Dayton (Sr.),9
Arizona (Fr.),9
Northwestern (Sr.),9
Texas (Fr.),9
St. Bonaventure (Sr.),9
UC Irvine (Sr.),9
Southwestern Louisiana (Sr.),9
Michigan (So.),9
Holy Cross (Sr.),9
LSU (So.),9
Western Kentucky (Sr.),9
UCLA (So.),9
Weber State (Sr.),9
Lamar (Sr.),9
UCLA (Jr.),9
Idaho State (Sr.),9
Santa Clara (Sr.),9
Hofstra (Sr.),9
Old Dominion (Sr.),9
Nebraska (Sr.),9
Michigan (Jr.),9
Murray State (Sr.),8
Princeton (Sr.),8
Jackson State (Sr.),8
Eastern Michigan (Sr.),8
South Florida (Sr.),8
Memphis (Fr.),8
San Francisco (Sr.),8
Utah State (Sr.),8
Maryland (So.),8
Wichita State (Sr.),8
Real Madrid (Spain),8
Nevada (Sr.),8
Richmond (Sr.),8
Arizona (So.),8
Duke (So.),8
Colorado State (Sr.),8
Tulane (Sr.),8
New Orleans (Sr.),8
Ohio State (Fr.),8
Charlotte (Sr.),8
Loyola Marymount (Sr.),7
Chattanooga (Sr.),7
Detroit (Sr.),7
USC (Jr.),7
Louisville (Jr.),7
Bowling Green (Sr.),7
Pacific (Sr.),7
Kentucky (Jr.),7
Ohio State (Jr.),7
New Mexico State (Sr.),7
Washington (Fr.),7
North Carolina (Fr.),7
Partizan Belgrade (Serbia),7
Indiana (So.),7
Miami (Sr.),7
Memphis State (Sr.),7
USC (Fr.),7
Arizona (Jr.),7
North Texas (Sr.),7
Alcorn State (Sr.),7
Central Michigan (Sr.),7
McNeese State (Sr.),7
UConn (Sr.),7
Northeastern (Sr.),6
Penn (Sr.),6
Fairfield (Sr.),6
George Washington (Sr.),6
Syracuse (So.),6
UC Santa Barbara (Sr.),6
North Carolina (So.),6
Texas (So.),6
Manhattan (Sr.),6
San Jose State (Sr.),6
Virginia (Jr.),6
Baylor (Fr.),6
LSU (Jr.),6
UMass (Sr.),6
Jacksonville (Sr.),6
Canisius (Sr.),6
James Madison (Sr.),6
Cleveland State (Sr.),6
Alabama (Fr.),6
Alabama State (Sr.),6
Centenary (Sr.),6
Saint Mary's (Sr.),6
Furman (Sr.),6
Boise State (Sr.),6
Boston University (Sr.),6
Middle Tennessee (Sr.),6
Western Michigan (Sr.),6
Grambling State (Sr.),6
Gonzaga (Jr.),6
Grand Canyon (Sr.),6
Southern Illinois (Sr.),6
Louisiana Tech (Sr.),6
Mega Leks (Serbia),6
Drexel (Sr.),6
SMU (Sr.),6
Florida State (So.),6
DePaul (Jr.),6
Saint Louis (Sr.),6
Georgia (Jr.),6
Ole Miss (Sr.),5
Syracuse (Fr.),5
Iona (Sr.),5
Xavier (Jr.),5
Wisconsin–Eau Claire (Sr.),5
Idaho (Sr.),5
Arkansas (So.),5
Stetson (Sr.),5
Austin Peay (Sr.),5
Tennessee State (Sr.),5
Illinois (Jr.),5
Tennessee (Fr.),5
Winston-Salem State (Sr.),5
TCU (Sr.),5
Howard (Sr.),5
Boston College (Jr.),5
Houston (Jr.),5
Maine (Sr.),5
Colorado (Jr.),5
Rhode Island (Sr.),5
Tennessee (Jr.),5
Pan American (Sr.),5
Houston Baptist (Sr.),5
Michigan State (So.),5
Penn State (Sr.),5
Connecticut (So.),5
Evansville (Sr.),5
Michigan (Fr.),5
Florida (So.),5
Florida (Jr.),5
Wake Forest (So.),5
Toledo (Sr.),5
Mississippi Valley State (Sr.),5
Saint Peter's (Sr.),5
UNLV (Jr.),5
Duke (Jr.),5
Eastern Illinois (Sr.),5
Montana (Sr.),5
Georgia Tech (Fr.),5
Loyola Chicago (Sr.),5
Louisville (So.),5
San Francisco (Jr.),5
Drake (Sr.),4
Texas A&M (Jr.),4
Nevada (Jr.),4
Chicago State (Sr.),4
Benetton Treviso (Italy),4
Ohio (Sr.),4
Syracuse (Jr.),4
Georgia (So.),4
Auburn (Fr.),4
Arkansas (Jr.),4
Niagara (Sr.),4
CSKA Moscow (Russia),4
East Tennessee State (Sr.),4
Morehead State (Sr.),4
LSU (Fr.),4
Oklahoma Christian (Sr.),4
Efes Pilsen (Turkey),4
Marshall (Sr.),4
Union Olimpija (Slovenia),4
Cibona Zagreb (Croatia),4
Florida State (Fr.),4
Catawba (Sr.),4
Hawaii (Sr.),4
Southern Miss (Sr.),4
Red Star Belgrade (Serbia),4
Florida State (Jr.),4
Villanova (So.),4
William & Mary (Sr.),4
Portland (Sr.),4
North Park (Sr.),4
Hampton (Sr.),4
Mississippi (Sr.),4
Wisconsin (Jr.),4
Norfolk State (Sr.),4
Iowa State (Jr.),4
Michigan State (Fr.),4
Gardner–Webb (Sr.),4
New Zealand Breakers (Australia),4
San Diego (Sr.),4
Florida Southern (Sr.),4
Purdue (Jr.),4
Mercer (Sr.),4
California (Jr.),4
American (Sr.),4
Pepperdine (Jr.),4
Pau-Orthez (France),4
Appalachian State (Sr.),4
Seattle (Sr.),4
Virginia Union (Sr.),4
North Carolina A&T (Sr.),4
Maryland (Jr.),4
Louisiana–Monroe (Sr.),4
Duquesne (Sr.),4
Briar Cliff (Sr.),4
St. Mary's (Texas) (Sr.),4
Kentucky State (Sr.),4
Indiana (Fr.),4
Northern Illinois (Sr.),4
Arkansas (Fr.),4
Georgia Tech (Jr.),4
Olympiacos (Greece),3
Georgia Tech (So.),3
Washington (Jr.),3
College of Charleston (Sr.),3
Cincinnati (Fr.),3
West Virginia Wesleyan (Sr.),3
UC Riverside (Sr.),3
UT Arlington (Sr.),3
Pennsylvania (Sr.),3
Loyola (IL) (Sr.),3
UNLV (Fr.),3
Linfield (Sr.),3
Georgetown (Jr.),3
Pittsburgh (So.),3
St. Augustine's (Sr.),3
Bucknell (Sr.),3
UIC (Sr.),3
Oregon (Jr.),3
Eastern Kentucky (Sr.),3
Virtus Bologna (Italy),3
Gonzaga (Fr.),3
Budućnost Podgorica (Serbia and Montenegro and Adriatic League),3
Baloncesto Sevilla (Spain),3
West Texas State (Sr.),3
North Carolina Central (Sr.),3
Arizona State (Jr.),3
Alabama (So.),3
Marquette (Jr.),3
Detroit Mercy (Sr.),3
USC Upstate (Sr.),3
Texas Southern (Sr.),3
Rice (Sr.),3
Stanford (So.),3
Monmouth (Sr.),3
Texas (Jr.),3
Arkansas–Little Rock (Sr.),3
Delaware (Sr.),3
Fresno State (Jr.),3
UNC Charlotte (Sr.),3
Alabama (Jr.),3
Ball State (Sr.),3
Fairleigh Dickinson (Sr.),3
Olimpija Ljubljana (Slovenia),3
Miami (Ohio) (Sr.),3
California (So.),3
New Mexico (Jr.),3
Northwestern State (Sr.),3
Merrimack (Sr.),3
Mega Vizura (Serbia),3
Vanderbilt (Jr.),3
Cholet Basket (France),3
Wake Forest (Jr.),3
Auburn (So.),3
Maccabi Tel Aviv (Israel),3
Baylor (Jr.),3
Georgetown (So.),3
Chaminade (Sr.),3
Oklahoma State (Jr.),3
Auburn (Jr.),3
San Diego State (Jr.),3
SMU (Jr.),3
Northeast Louisiana (Sr.),3
Arkansas State (Sr.),3
Ratiopharm Ulm (Germany),3
Colorado (So.),3
Oklahoma City (Sr.),3
Žalgiris Kaunas (Lithuania),3
California (Fr.),3
Memphis (So.),3
Stanford (Jr.),3
Green Bay (Sr.),3
Davidson (Sr.),3
Tennessee Tech (Sr.),3
PAOK (Greece),3
East Carolina (Sr.),3
Notre Dame (Jr.),3
UConn (So.),3
Creighton (Jr.),3
Puget Sound (Sr.),3
Northern Arizona (Sr.),3
Villanova (Fr.),3
Indiana State (Sr.),3
KK Partizan (Yugoslavia),3
Villanova (Jr.),3
Western Carolina (Sr.),3
KK Split (Yugoslavia),3
Indiana (Jr.),3
Harvard (Sr.),3
San Diego State (So.),2
New Hampshire (Sr.),2
Albany State (Sr.),2
Washington State (Jr.),2
NC State (So.),2
Cedevita Zagreb (Croatia),2
Colorado State (Jr.),2
Memphis State (Jr.),2
Fordham (Sr.),2
Xavier (So.),2
West Virginia (So.),2
Miami (OH) (Sr.),2
Akron (Sr.),2
Oklahoma State (So.),2
Élan Chalon (France),2
UDC (Sr.),2
Mississippi State (Jr.),2
Michigan State (Jr.),2
Wisconsin (So.),2
CB Gran Canaria (Spain),2
Oklahoma (Fr.),2
Illinois (So.),2
Memphis (Jr.),2
Hartford (Sr.),2
Wisconsin–Parkside (Sr.),2
Victoria (Sr.),2
Nebraska (Jr.),2
Valparaiso (Sr.),2
Louisiana Tech,2
Louisiana Tech (Jr.),2
Liberty (Sr.),2
Gonzaga (So.),2
Massachusetts (Sr.),2
Oklahoma (So.),2
Pittsburgh (Fr.),2
Miami (FL) (Sr.),2
Cairns Taipans (Australia),2
Temple (Jr.),2
Fenerbahçe Ülker (Turkey),2
Miami (FL) (So.),2
LIU Brooklyn (Sr.),2
Bentley (Sr.),2
Clemson (Jr.),2
Gipuzkoa Basket (Spain),2
Washington (So.),2
Cincinnati (Jr.),2
Ohio (Jr.),2
Dayton (Jr.),2
Oklahoma Panhandle State (Sr.),2
Kansas State (Fr.),2
Indian Hills CC (So.),2
NC State (Fr.),2
Marist (Sr.),2
Nevada (So.),2
Kansas (So.),2
Providence (So.),2
Brigham Young (Sr.),2
"South Kent School (South Kent, Connecticut)",2
Partizan Belgrade (Sinalco Superleague and Adriatic League),2
George Fox (Sr.),2
Missouri (Jr.),2
USC (So.),2
Millersville (Sr.),2
Minnesota (Fr.),2
Washington State (So.),2
Mississippi State (So.),2
Lietuvos rytas Vilnius (Lithuania),2
Stanford (Fr.),2
Georgia Southern (Sr.),2
Houston (Fr.),2
Illawarra Hawks (Australia),2
South Carolina (Jr.),2
UAB (Jr.),2
UMBC (Sr.),2
Denver (Sr.),2
Alabama–Huntsville (Sr.),2
St. John's (Fr.),2
Columbia (Sr.),2
Saint Joseph's (Jr.),2
Seton Hall (So.),2
Utah (Jr.),2
Robert Morris (Sr.),2
Belmont (Sr.),2
Southern Indiana (Sr.),2
Iowa (Jr.),2
Central State (Sr.),2
Virginia (So.),2
UNC Wilmington (Sr.),2
Georgia State (Sr.),2
Illinois Wesleyan (Sr.),2
NC State (Jr.),2
Ülkerspor (Turkey),2
East Texas State (Sr.),2
Delta State (Sr.),2
Johnson C. Smith (Sr.),2
Milwaukee (Sr.),2
Newberry (Sr.),2
Kenyon (Sr.),2
Towson (Sr.),2
City Reapers (Overtime Elite),2
Metropolitans 92 (France),2
Perth Wildcats (Australia),2
Dijon (France),2
Florida A&M (Sr.),2
Southern Nazarene (Sr.),2
Dartmouth (Sr.),2
Youngstown State (Sr.),2
Hardin–Simmons (Sr.),2
Mega Mozzart (Serbia),2
West Georgia (Sr.),2
Texas State (Sr.),2
Sacred Heart (Sr.),2
Fresno State (So.),2
Snaidero Udine (Italy),2
Olimpia Milano (Italy),2
AEK (Greece),2
South Dakota State (Sr.),2
Utah (So.),2
FC Barcelona Lassa (Spain),2
Purdue (So.),2
Herbalife Gran Canaria (Spain),2
George Mason (Sr.),2
"IMG Academy (Bradenton, Florida; HSPg.)",2
Adelaide 36ers (Australia),2
Providence (Jr.),2
Samford (Sr.),2
Texas Tech (Fr.),2
Wright State (Sr.),2
Florida (Fr.),2
DePaul (So.),2
Missouri (So.),2
Minnesota (So.),2
Fort Hays State (Sr.),2
Panathinaikos (Greece),2
Augsburg (Sr.),2
Oregon (Fr.),2
Vanderbilt (So.),2
Murray State (So.),2
St. John's (So.),2
Lafayette (Sr.),2
Miami (Fr.),2
Anadolu Efes (Turkey),2
Western Oregon (Sr.),2
Missouri State (Sr.),2
Montana State (Sr.),2
KK Split (Croatia),1
BYU (Sr),1
Mississippi State (Jr),1
Braunschweig (Germany),1
Iraklis BC (Greece),1
Townsville Crocodiles (Australia)[29],1
Tapiolan Honka (Finland)[16],1
Walsh (Sr.),1
Creighton (Sr),1
Louisiana-Lafayette (Sr.),1
TAU Cerámica (Spain)[18],1
Arizona State (Sr),1
"IMG Academy (Bradenton, Florida)",1
Brotnjo (Bosnia and Herzegovina),1
Joventut Badalona (Spain)[17],1
Maryland (Sr),1
Climamio Bologna (Italy),1
Mississippi State (Sr),1
Miami (Florida) (Sr),1
Maroussi (Greece)[27],1
Florida (Sr),1
Akasvayu Girona (Spain)[25],1
"Lanier HS (Jackson, Mississippi)",1
Langen (Germany),1
Alabama (So),1
Minnesota (So),1
"Central Park Christian HS (Birmingham, Alabama)",1
Beijing Olympians (ABA)[21],1
Kentucky (Sr),1
Mega Ishrana (Serbia)[35],1
Široki Brijeg (Bosnia and Herzegovina)[16],1
SK Cherkassy (Ukraine))[16],1
Detroit (Sr),1
Olympia Larissa (Greece)[33],1
Caguas (Puerto Rico),1
Southwest Atlanta Christian Academy (Atlanta),1
Skyline HS (Dallas),1
"St. Benedict's Prep (Newark, New Jersey)",1
ASA BH Telecom (Bosnia and Herzegovina),1
Union Bank Lagos (Nigeria),1
Miami (FL) (Jr.),1
BC Kyiv (Ukraine),1
WTC Cornellà (Spain),1
Metis Varese (Italy),1
Rutgers (Jr.),1
Dynamo St. Petersburg (Russia),1
Skha Jakutia Yakutsk (Russia),1
Maroussi (Greece),1
Khimik Yuzhny (Ukraine),1
Yonsei University (South Korea),1
Hapoel Galil Elyon (Israel),1
Objetivo São Carlos (Brazil),1
West Texas A&M (Sr.),1
Western Carolina (Jr.),1
Roseto Basket (Italy),1
Coppin State (Sr.),1
Breil Milano (Italy),1
Gran Canaria (Spain),1
Adecco Estudiantes (Spain),1
"South Gwinnett HS (Snellville, Georgia)",1
"Oak Hill Academy (Mouth of Wilson, Virginia)",1
Fortitudo Bologna (Italy)[16],1
George Washington (Jr.),1
Eastern Washington (So.),1
Ohio (Sr),1
Le Havre (France),1
Hong Kong Flying Dragons (China),1
"Gulf Shores Academy (Houston, Texas)",1
Westchester HS (Los Angeles),1
Southeastern Illinois (So.),1
"Peoria HS (Peoria, Illinois)",1
Skonto (Latvia),1
RheinEnergie Köln (Germany),1
Unicaja Málaga (Spain),1
"Bakersfield HS (Bakersfield, California)",1
"St. Joseph HS (Metuchen, New Jersey)",1
"Lincoln HS (Brooklyn, New York)",1
Guangdong Southern Tigers (China)[16][a],1
Bradley (So.),1
Seattle Prep. School (Seattle),1
Oregon State (Jr.),1
"Prentiss HS (Prentiss, Mississippi)",1
Verviers-Pepinster (Belgium),1
Angelico Biella (Italy),1
KK Reflex (Serbia and Montenegro),1
Lietuvos Rytas (Lithuania),1
West Virginia (Jr.),1
Texas Tech (So.),1
Tulane (Jr.),1
"Chalmette HS (Chalmette, Louisiana; HS Sr.)[n 3]",1
Frankfurt Skyliners (Germany),1
Miami (So.),1
Penn State (So.),1
Orlandina Basket (Italy)[n 4],1
Texas-Arlington (Sr.),1
Dayton (Fr.),1
Vanderbilt (Fr.),1
Limoges CSP (France),1
Eastern Washington (Jr.),1
Virginia Tech (So.),1
Mega Bemax (Serbia),1
"Princeton HS (Sharonville, Ohio; HS Sr.)",1
Sesi/Franca (Brazil),1
Rytas Vilnius (Lithuania),1
Santa Cruz Warriors (G League),1
Iowa State (Fr.),1
Charleston (Sr.),1
Yale (Jr.),1
Pau-Lacq-Orthez (France),1
Texas A&M (So.),1
Wichita State (So.),1
Missouri (Fr.),1
Movistar Estudiantes (Spain),1
Rouen Métropole (France),1
Marquette (Fr.),1
KK Cibona (Croatia),1
New Mexico State (So.),1
UNLV (So.),1
Maryland (Fr.),1
Xinjiang Flying Tigers (China),1
ASC Denain-Voltaire (France),1
Bayern Munich (Germany),1
Le Mans Sarthe (France),1
Oakland (Jr.),1
Fujian Sturgeons (China),1
SIG Strasbourg (France),1
Creighton (Fr.),1
Crvena zvezda (Serbia),1
Oregon (So.),1
Žalgiris (Lithuania),1
Nanterre 92 (France),1
Miami (Jr.),1
Georgia (Fr.),1
Dayton (So.),1
Nebraska (Fr.),1
Paris Basketball (France),1
Vanoli Cremona (Italy),1
Unicaja (Spain),1
Minas (Brazil),1
UCF (Fr.),1
Santa Clara (So.),1
UConn (Jr.),1
Pepperdine (So.),1
South Carolina (Fr.),1
Eastern Michigan (So.),1
Fenerbahçe (Turkey),1
JL Bourg (France),1
UConn (Fr.),1
Colorado (Fr.),1
KK Crvena zvezda (Serbia),1
UC Santa Barbara (Jr.),1
KK Mega Basket (Serbia),1
Saint-Quentin BB (France),1
APR BBC (Rwanda),1
Toledo (So.),1
Fortitudo Bologna (Italy),1
Iowa State (So.),1
Milwaukee (Fr.),1
ASVEL Villerbaunne (France),1
Casademont Zaragoza (Spain),1
Mega Soccerbet (Serbia),1
Hapoel Tel Aviv (Israel),1
IMG Academy (postgraduate),1
John A. Logan (So.),1
Oklahoma State (Fr.),1
Beşiktaş (Turkey),1
Arizona State (Fr.),1
VCU (So.),1
Loyola (MD) (So.),1
Utah State (Jr.),1
Paris (France),1
Nebraska (So.),1
Mega Basket (Serbia),1
Western Kentucky (Jr.),1
Iowa (So.),1
Santa Clara (Jr.),1
Notre Dame (Fr.),1
Orangeville Prep/Athlete Institute (Canada HS Pg.),1
Estudiantes de Bahía (Argentina),1
Rider (Sr.),1
Marshall (Fr.),1
Cholet (France)[23],1
Saint Mary's (So.),1
Fenerbahçe Ülker (Turkey)[27],1
Tennessee-Martin (Sr.),1
Grambling State (Jr.),1
Butler (So.),1
VCU (Jr.),1
USF (Jr.),1
Brose Baskets (Germany),1
Ole Miss (So.),1
Georgia State (Jr.),1
CB Murcia (Spain),1
Tulsa 66ers (D-League),1
STB Le Havre (France),1
UTEP (Jr.),1
"Stoneridge Preparatory School (Simi Valley, California) [n 4]",1
Fuenlabrada (Spain),1
Cibona Zagreb (Croatia)[n 10],1
Butler (Jr.),1
Tokyo Apache (Japan),1
MBC Mykolaiv (Ukraine)[12],1
DKV Joventut (Spain)[19],1
Dnipro (Ukraine),1
Angelico Biella (Italy)[16],1
Hyères-Toulon (France),1
L'Hospitalet (Spain),1
Le Mans (France),1
IUPUI (Jr.),1
Partizan (Serbia),1
Texas A&M (Fr.),1
KK Zagreb (Croatia),1
BYU (Jr.),1
Idaho Stampede (D-League),1
Arizona State (So.),1
DKV Joventut (Spain)[12],1
Davidson (Jr.),1
Lottomatica Roma (Italy)[13],1
Pamesa Valencia (Spain)[12],1
Maccabi Tel Aviv (Israel)[12],1
Cholet (France)[12],1
CB Prat (Spain)[12],1
Central Florida (Sr.),1
Real Madrid (Spain)[15],1
Oakland (Sr.),1
Bakersfield Jam (D-League),1
Al Rayyan (Qatar),1
Phantoms Braunschweig (Germany),1
ASVEL Basket (France),1
Arizona (Sr),1
Rio Grande Valley Vipers (NBA D-League),1
Detroit (Jr.),1
North Texas (So.),1
Providence (Fr.),1
Valencia Basket (Spain),1
BK Ventspils (Latvia),1
Australian Institute of Sport[n 2],1
Louisiana–Lafayette (Jr.),1
Cibona Zagreb (Croatia)[n 3],1
North Carolina State (So.),1
EC Pinheiros (Brazil),1
Texas Legends (NBA D-League),1
Chorale Roanne (France),1
Louisiana State (Jr.),1
Delaware 87ers (NBA D-League),1
Paris-Levallois Basket (France),1
Guangdong Southern Tigers,1
Triumph Lyubertsy (Russia),1
Estudiantes (Spain),1
Gold Coast Blaze (Australia),1
Filathlitikos (Greece),1
Albacomp (Hungary)[n 14],1
Weber St. (Jr.),1
Connecticut (Fr.),1
Iowa St. (So.),1
Poitiers Basket (France),1
Ohio St. (So.),1
Oregon St. (Jr.),1
Mississippi St. (Jr.),1
Baylor (So.),1
Banca Cívica Sevilla (Spain),1
Florida St. (Sr.),1
Michigan St. (Sr.),1
Norfolk St. (Sr.),1
Banvit (Turkey),1
Clinicas Rincón (Spain),1
Galatasaray (Turkey),1
Spirou Charleroi (Belgium),1
Pınar Karşıyaka (Turkey),1
Lehigh (Sr.),1
North Dakota (Sr),1
Arkansas-Little Rock (Sr.),1
UCLA (Sr),1
Wagner (Sr.),1
Lambuth (Sr.),1
Hampton (Jr.),1
Northern State (Sr.),1
Potsdam State (Sr.),1
Lewis & Clark (Sr.),1
Wichita State (Jr.),1
Upsala (Sr.),1
Mount St. Mary's (Sr.),1
Siena (Sr.),1
Georgetown (Kentucky) (Sr.),1
LIU (Sr.),1
South Carolina State (Sr.),1
Elizabeth City State (Sr.),1
Cheyney (Sr.),1
Ionikos Nikaias (Greece),1
Marion (Sr.),1
Campbell (Sr.),1
Wisconsin–Stout (Sr.),1
York (Sr.),1
Valdosta State (Sr.),1
Simon Fraser (Sr.),1
North Texas State (Sr.),1
Thomas More (Sr.),1
Steubenville (Sr.),1
Morris Brown (Sr.),1
Nebraska–Kearney (Sr.),1
Regis (Sr.),1
Eastern Montana (Sr.),1
Yeshiva (Sr.),1
King's College (Pennsylvania) (Sr.),1
Arizona State(Sr.),1
Texas A&I (Sr.),1
Colgate (Sr.),1
Valur (Iceland),1
Jersey City State (Sr.),1
Southern Colorado (Sr.),1
William Paterson (Sr.),1
Ripon (Sr.),1
Northern Michigan (Sr.),1
Saint Francis (Sr.),1
Wofford (Sr.),1
Sumitomo Metal Sparks (Japan),1
McMurry (Sr.),1
(Sudan),1
Complutense University of Madrid (Spain),1
Sam Houston (Jr.),1
Calgary (Sr.),1
Doane (Sr.),1
UTSA (Sr.),1
North Dakota State (Sr.),1
S.E. Palmeiras (Brazil),1
Cal State Northridge (Sr.),1
Southern Utah (Sr.),1
Bloomsburg (Sr.),1
Framingham State (Sr.),1
US International (Sr.),1
Oberlin (Sr.),1
Angelo State (Sr.),1
UC San Diego (Sr.),1
Presbyterian (Sr.),1
Westmont (Sr.),1
UNC Pembroke (Sr.),1
Bellarmine (Sr.),1
Northeastern Illinois (Sr.),1
Northwest Missouri State (Sr.),1
Yale (Sr.),1
Longwood (Sr.),1
Stonehill (Sr.),1
Victoria (Canada) (Sr.),1
Alabama A&M (Sr.),1
Dallas Baptist (Sr.),1
West Virginia Tech (Sr.),1
John Carroll (Sr.),1
Lewis (Sr.),1
Santa Fe (New Mexico) (Sr.),1
Central Washington (Sr.),1
Augustana College (Illinois) (Sr.),1
Penn Staet (Sr.),1
UC Davis (Sr.),1
Armstrong Atlantic State (Sr.),1
Butler (Sr.),1
West Alabama (Sr.),1
Western Illinois (Sr.),1
UMass Boston (Sr.),1
Augustana College (South Dakota) (Sr.),1
FIU (Sr.),1
Eastern Oregon (Sr.),1
Michigan (Sr.)[4],1
Huron (Sr.),1
Edinboro (Sr.),1
Pan American Broncs (Sr.),1
LSU(Sr.),1
Bloomfield (Sr.),1
Lincoln (Missouri) (Sr.),1
Loyola (Illinois) (Sr.),1
UMass (Jr.),1
Columbus State (Sr.),1
Nasson (Sr.),1
Missouri Southern (Sr.),1
St. Francis Brooklyn (Sr.),1
UT Rio Grande Valley (Sr.),1
Drake (Jr.),1
Mercyhurst (Sr.),1
Air Force (Sr.),1
Brandeis (Sr.),1
Army (Sr.),1
Pace (Sr.),1
Cal Poly (Sr.),1
Widener (Sr.),1
Biola (Sr.),1
Rhode Island (Jr.),1
Hartwick (Sr.),1
UCF (Sr.),1
Biscayne (Sr.),1
Salem (Sr.),1
Alabama-Huntsville (Sr.),1
Prairie View A&M (Sr.),1
McKendree (Sr.),1
Norfolk State (Jr.),1
Milligan (Sr.),1
Eastern Washington (Sr.),1
Rutgers–Camden (Sr.),1
Minnesota State (Sr.),1
Saint Francis University (Sr.),1
Graceland (Sr.),1
Concord (Sr.),1
Cleveland State (Jr.),1
Omaha (Sr.),1
Philadelphia Textile (Sr.),1
Allentown Jets (EBA),1
Indiana State (Jr.)[1],1
Portland State (Sr.),1
Southern (Jr.),1
VMI (Sr.),1
Malone (Sr.),1
Nicholls State (Sr.),1
Cheyney State (Sr.),1
Augustana (SD) (Sr.),1
North Dakota (Sr.),1
Iona (Jr.),1
Tuskegee (Sr.),1
Savannah State (Sr.),1
Albright (Sr.),1
Alaska Anchorage (Sr.),1
Philadelphia Textile (So.),1
Lethbridge (Sr.),1
Cameron (Sr.),1
NYIT (Sr.),1
Kent State (Sr.),1
North Alabama (Sr.),1
Vanguard (Sr.),1
Wilmington (Ohio) (Sr.),1
Midwestern State (Sr.),1
Stephen F. Austin (Sr.),1
Dillard (Sr.),1
Montana Western (Sr.),1
Fairmont State (Sr.),1
Point Park (Sr.),1
Murray State (Jr.),1
Hamilton (Sr.),1
Drury (Sr.),1
Saint Mary's University (Canada) (Sr.),1
Franklin & Marshall (Sr.),1
Cal State Los Angeles (Sr.),1
High Point (Sr.),1
The Citadel (Sr.),1
Idaho (Jr.),1
Cal State Dominguez Hills (Sr.),1
New Haven (Sr.),1
Eastern Kentucky (Jr.),1
Harding (Sr.),1
Cypress JC (Fr.)[1],1
Athletes in Action,1
Morgan State (So.),1
Louisiana College (Sr.),1
Le Moyne (Sr.),1
Portland (Jr.),1
Navy (Sr.),1
New Jersey City (Sr.),1
LIU Post (Sr.),1
Clark (Sr.),1
Oklahoma (Jr.),1
"Alief Elsik HS (Houston, Texas)",1
Florida A&M (Jr.),1
Hargrave Military Academy,1
Rhode Island (So.),1
"Picayune Memorial HS (Picayune, Mississippi) (HS Sr.)",1
Barton County CC (So.),1
Limoges (France),1
Southwest Texas State (Sr.),1
King College Prep HS (Chicago) (HS Sr.),1
Illinois State (Jr.),1
Bayi Rockets (China),1
Saint Paul's (Sr.),1
Viola Reggio Calabria (Italy 2nd),1
East St. Louis HS (Illinois),1
"Washington Union HS (Fresno, California)",1
Benston Zagreb (Croatia),1
Paf Bologna (Italy),1
Louisiana-Monroe (Jr.),1
Cincinnati Stuff (IBL),1
Würzburg (Germany),1
Split (Croatia),1
Oregon State (So.),1
"Eau Claire HS (Columbia, South Carolina)",1
"St. Patrick's High School (Elizabeth, New Jersey)",1
Kalev (Estonia),1
Peristeri (Greece),1
West Florida (So.),1
West Virginia State (Sr.),1
Wisconsin–Green Bay (Sr.),1
Texas Tech (Jr.),1
Colgate (Jr.),1
"Mt. Zion Christian Academy (Durham, North Carolina)",1
SE Melbourne Magic (Australia),1
Smelt Olimpija (Slovenia),1
Cal State Bakersfield (Sr.),1
Butler CC (Sr.),1
ASVEL Lyon-Villeurbanne (France),1
Newcastle Falcons (Australia),1
Oklahoma (Senior),1
Saint Louis (Fr.),1
"DJK Würzburg (Germany, 2nd division)",1
Kinder Bologna (Italy),1
Iowa (Fr.),1
COS (So.),1
Indian Hills CC (Jr.),1
"Glynn Academy (Brunswick, Georgia)",1
"Dominguez HS (Compton, California)",1
TAU Cerámica (Spain),1
Central Connecticut (Sr.),1
"St. Vincent–St. Mary HS (Akron, Ohio)",1
Hemofarm Vršac (Serbia and Montenegro),1
Central Michigan (Jr.),1
UNLV (Sr),1
Oregon (Jr),1
Louisville (Sr),1
Boston College (Sr),1
Xavier (Sr),1
Duke (Sr),1
Cibona Zagreb (Croatia and Adriatic League),1
"Starkville HS (Starkville, Mississippi)",1
Illinois (Sr),1
Skipper Bologna (Italy),1
"Westbury Christian HS (Houston, Texas)",1
"Ozen HS (Beaumont, Texas)",1
Bauru Tilibra (Brazil),1
Wake Forest (Sr),1
FMP Železnik (Sinalco Superleague and Adriatic League),1
Ourense (Spain),1
Halle (Germany),1
USC (Sr),1
"Thornwood HS (South Holland, Illinois)",1
Seton Hall (Fr.),1
"Oak Hill Academy (Mouth of Wilson, Virginia) HS",1
Charlotte (Fr.),1
Okaloosa-Walton CC (So.),1
FMP (Yugoslavia),1
DePaul (Fr.),1
Paris Basket Racing (France),1
"St. Jude HS (Montgomery, Alabama)",1
Shaw (Sr.),1
Panathinaikos (Greece) 1981,1
Cincinnati (So.),1
Shanghai Sharks (China),1
Vasco da Gama (Brazil),1
"Cypress Creek HS (Orlando, Florida)",1
Union Olimpija (Slovenia and Adriatic League),1
Northeast Mississippi CC (So.),1
Opel Skyliners (Germany),1
Atletas Kaunas (Lithuania),1
"Lower Merion HS (Lower Merion, Pennsylvania)",1
Wisconsin–Stevens Point (Sr.),1
Southeast Missouri State (Sr.),1
Pittsburgh (Jr.),1
Memphis State (So.),1
Auburn-Montgomery (Sr.),1
Oregon (Sr),1
Sport Club de Cañada de Gómez (Argentina) 1966,1
Olimpo (Argentina),1
Tampa (Sr.),1
"Concord (Elkhart, Indiana)",1
Loyola (MD) (Sr.),1
Trenton State (Sr.),1
Barton CC (Fr.),1
Tennessee Tech (Jr.),1
Ranger Varese (Italy),1
Phillips (Sr.),1
Slippery Rock (Sr.),1
Saint Francis (PA) (Sr.),1
Christopher Newport (Sr.),1
Hapoel Holon (Israel),1
Marymount (Sr.),1
CSKA Moscow (Soviet Union),1
Lipscomb (Sr.),1
Wright State (So.),1
Chancellor (Sr.),1
Bridgeport (Fr.),1
Žalgiris Kaunas (Soviet Union),1
UTSA (Jr.),1
Leverkusen (Germany),1
Southwestern Louisiana (Jr.),1
Cornell (Sr.),1
Akademik Varna (Bulgaria),1
College of Idaho (Sr.),1
American International (Sr.),1
Missouri Western (Sr.),1
Zalgiris (Soviet Union),1
Southeastern Oklahoma State (Sr.),1
Simac Milano (Italy),1
Cibona (Yugoslavia),1
Rocky Mountain (Sr.),1
Carson–Newman (Sr.),1
Southwestern University (Sr.),1
Sam Houston (Sr.),1
Budivelnik Kiev (USSR),1
UTEP,1
Arizona,1
TCU,1
Oklahoma,1
Seton Hall (Jr.),1
Taugres (Spain),1
Montana State Billings (Sr.),1
George Washington (So.),1
LeMoyne–Owen (Sr.),1
UMKC (Sr.),1
Northwestern Oklahoma State (Sr.),1
Forum Valladolid (Spain),1
St. Mary's (Canada) (Sr.),1
Minnesota (Jr.),1
Benedict (Sr.),1
Farragut Academy HS (Chicago),1
Olympiakos (Greece),1
Seward County (So.),1
Olimpia (Stefanel) Milano (Italy),1
Miami (Florida) (Sr.),1
Neptūnas Klaipėda (Lithuania),1
Southern Illinois (Jr.),1
Massachusetts (Jr.),1
BYU (Fr.),1
Morehead State,1
Richmond,1
Murray State,1
Oklahoma State,1
Connecticut,1
Wisconsin–Green Bay,1
USC,1
Arkansas,1
Notre Dame,1
Georgia,1
Alabama State,1
Georgia Tech,1
Michigan State,1
"KK Partizan, Yugoslavia",1
UNC-Charlotte,1
Wake Forest,1
St. John's,1
Pittsburgh,1
Duke,1
UNC-Wilmington,1
Jacksonville,1
MHP Riesen Ludwigsburg (Germany),1
